Word,Rank,Frequency
good,1,363
quite,2,303
fruit,3,295
wine,4,230
bit,5,217
top,6,215
lovely,7,163
touch,8,160
nose,9,150
nice,10,148
dry,11,142
bare,12,141
rather,13,133
palate,14,115
fine,15,102
rich,16,96
still,17,92
drinking,18,88
perhaps,19,88
long,20,79
really,21,77
finish,22,77
time,23,76
balance,24,71
bottle,25,71
slightly,26,66
seems,27,65
acidity,28,64
pleasant,29,63
nicely,30,63
vintage,31,62
elegant,32,62
well,33,62
one,34,61
complex,35,59
mineral,36,57
length,37,56
drink,38,56
like,39,56
wines,40,55
intense,41,52
sweet,42,50
pretty,43,50
might,44,50
rated,45,49
pure,46,48
balanced,47,47
years,48,46
fresh,49,46
much,50,46
fragrant,51,45
mature,52,45
excellent,53,44
think,54,44
tannins,55,43
needs,56,42
ripe,57,42
old,58,41
drinkable,59,41
first,60,41
probably,61,40
less,62,40
colour,63,38
interesting,64,38
even,65,37
two,66,37
fairly,67,37
could,68,37
better,69,35
little,70,35
way,71,35
although,72,35
soft,73,34
simple,74,33
weight,75,33
attractive,76,33
decent,77,33
yet,78,32
great,79,31
style,80,31
forward,81,31
complexity,82,31
easy,83,30
oak,84,30
last,85,30
classic,86,29
lot,87,28
tannic,88,28
though,89,28
rounded,90,28
delicious,91,28
almost,92,27
creamy,93,26
fruity,94,26
best,95,25
half,96,25
year,97,25
showing,98,25
young,99,24
food,100,24
minerality,101,24
age,102,24
light,103,24
open,104,24
clean,105,24
character,106,24
possibly,107,23
burgundy,108,23
glass,109,23
concentrated,110,23
concentration,111,22
white,112,22
improve,113,22
scrapes,114,22
flavours,115,22
big,116,22
champagne,117,21
something,118,21
odd,119,21
claret,120,21
hard,121,21
bright,122,21
guess,123,21
texture,124,20
sort,125,20
completely,126,20
would,127,20
floral,128,20
made,129,20
intensity,130,20
peak,131,20
stars,132,19
seem,133,19
end,134,19
try,135,19
rustic,136,19
lacking,137,19
oxidised,138,19
yeasty,139,19
without,140,19
quality,141,18
closed,142,18
modern,143,18
exotic,144,18
feel,145,18
say,146,18
enough,147,18
another,148,18
opens,149,18
gamy,150,18
raspberry,151,17
refined,152,17
depth,153,17
nutty,154,17
find,155,17
least,156,17
notes,157,17
stuff,158,17
richness,159,17
opened,160,16
richer,161,16
baked,162,16
round,163,16
cherry,164,16
fizz,165,16
couple,166,16
structure,167,16
pleasantly,168,15
seemed,169,15
moderate,170,15
red,171,15
pinot,172,15
dull,173,15
lacks,174,15
structured,175,15
together,176,15
lots,177,15
slight,178,15
enjoyable,179,15
corked,180,15
sure,181,14
evolved,182,14
classy,183,14
honied,184,14
given,185,14
apples,186,14
strawberry,187,14
thin,188,14
may,189,14
next,190,14
new,191,14
meaty,192,14
silky,193,14
savoury,194,14
substantial,195,14
hint,196,14
deep,197,14
ok,198,14
towards,199,14
austere,200,13
edge,201,13
get,202,13
clearly,203,13
stylish,204,13
later,205,13
past,206,13
maybe,207,13
tight,208,13
real,209,13
hints,210,13
going,211,13
thing,212,13
riesling,213,12
taste,214,12
dense,215,12
blend,216,12
underlying,217,12
medium,218,12
smoky,219,12
lighter,220,12
thought,221,12
botrytis,222,12
evident,223,12
piquant,224,12
fantastic,225,12
bottles,226,12
often,227,11
beginning,228,11
lightweight,229,11
weighty,230,11
special,231,11
peachy,232,11
green,233,11
day,234,11
warm,235,11
sweetness,236,11
come,237,11
fruits,238,11
ago,239,11
others,240,11
flat,241,11
hope,242,11
cassis,243,11
evening,244,11
short,245,11
maturity,246,11
chocolate,247,11
coarse,248,11
splendid,249,10
whether,250,10
delicate,251,10
right,252,10
vineyard,253,10
also,254,10
however,255,10
succulent,256,10
bad,257,10
serious,258,10
tarry,259,10
particularly,260,10
tasted,261,10
tending,262,10
bitterness,263,10
suspect,264,10
oxidation,265,10
opening,266,10
disappointing,267,10
class,268,10
appetising,269,10
volatility,270,10
honey,271,10
leafy,272,9
want,273,9
vegetal,274,9
keen,275,9
mouthfilling,276,9
worth,277,9
suave,278,9
fat,279,9
previous,280,9
difficult,281,9
recent,282,9
indeed,283,9
star,284,9
flabby,285,9
back,286,9
impressive,287,9
need,288,9
producer,289,9
charming,290,9
always,291,9
vintages,292,9
characterful,293,9
resolved,294,9
drunk,295,9
mouth,296,9
vanilla,297,9
citric,298,8
grapes,299,8
label,300,8
air,301,8
chardonnay,302,8
tobacco,303,8
initially,304,8
recently,305,8
cork,306,8
reserved,307,8
alcohol,308,8
dilute,309,8
grassy,310,8
liquorice,311,8
restrained,312,8
compared,313,8
vinous,314,8
village,315,8
woody,316,8
returning,317,8
different,318,8
see,319,8
extra,320,8
vibrant,321,8
herby,322,8
rate,323,8
hot,324,8
point,325,8
appley,326,7
strong,327,7
starting,328,7
makes,329,7
striking,330,7
tar,331,7
cru,332,7
hurry,333,7
keeping,334,7
actually,335,7
solid,336,7
fact,337,7
stunning,338,7
herbs,339,7
three,340,7
suppose,341,7
property,342,7
needing,343,7
bitter,344,7
similar,345,7
huge,346,7
de,347,7
acid,348,7
earthy,349,7
graceful,350,7
background,351,7
condition,352,7
minty,353,7
sign,354,7
spicy,355,7
make,356,7
persistent,357,7
burgundian,358,7
healthy,359,7
soon,360,7
terroir,361,7
barolo,362,7
full,363,7
drier,364,7
early,365,7
modest,366,7
effort,367,7
rounder,368,6
edgy,369,6
gentle,370,6
sometimes,371,6
honeyed,372,6
dark,373,6
sugar,374,6
score,375,6
keep,376,6
give,377,6
ready,378,6
suggests,379,6
lemony,380,6
example,381,6
moment,382,6
toffee,383,6
mushrooms,384,6
stony,385,6
easily,386,6
st,387,6
autolytic,388,6
used,389,6
done,390,6
blackcurrant,391,6
burnt,392,6
despite,393,6
apple,394,6
brown,395,6
extracted,396,6
nuts,397,6
basic,398,6
ever,399,6
low,400,6
longer,401,6
pleasingly,402,6
roses,403,6
bread,404,6
recall,405,6
gorgeous,406,6
mellow,407,6
bone,408,6
interest,409,6
poor,410,6
perfectly,411,6
pale,412,6
beetroot,413,6
properly,414,6
cellar,415,6
volatile,416,6
textured,417,6
spritz,418,6
typical,419,6
lifted,420,6
remember,421,6
syrah,422,6
apricot,423,6
ultimately,424,6
wonder,425,6
luscious,426,6
grand,427,6
purity,428,6
start,429,5
blows,430,5
flatter,431,5
plummy,432,5
varietal,433,5
aniseed,434,5
disgorged,435,5
firm,436,5
holding,437,5
absolute,438,5
engaging,439,5
cloying,440,5
since,441,5
understated,442,5
dumb,443,5
note,444,5
harsh,445,5
riper,446,5
oily,447,5
heavy,448,5
believe,449,5
grip,450,5
show,451,5
reasonable,452,5
juicy,453,5
highly,454,5
whole,455,5
drying,456,5
pleasure,457,5
stinky,458,5
strawberries,459,5
cedary,460,5
chunky,461,5
grape,462,5
making,463,5
softer,464,5
grenache,465,5
proper,466,5
anything,467,5
youthful,468,5
side,469,5
sherberty,470,5
added,471,5
black,472,5
bags,473,5
plus,474,5
surely,475,5
sherry,476,5
orange,477,5
oddly,478,5
mainly,479,5
never,480,5
place,481,5
beyond,482,5
blanc,483,5
wood,484,5
fascinating,485,5
fades,486,5
lack,487,5
improving,488,5
overtones,489,5
mixed,490,5
coming,491,5
must,492,5
primary,493,5
gummy,494,5
amazing,495,5
hours,496,5
says,497,5
characters,498,5
expect,499,5
beautifully,500,5
extent,501,5
toffeed,502,5
generally,503,5
salty,504,5
elegance,505,5
case,506,5
port,507,5
gutsy,508,5
disjointed,509,5
fading,510,5
mousse,511,5
aging,512,5
sense,513,5
sweeter,514,5
perfumed,515,5
faded,516,5
know,517,5
soave,518,5
benefit,519,5
chocolatey,520,5
clear,521,5
curious,522,5
flavour,523,5
high,524,5
blackberry,525,5
expecting,526,5
taught,527,5
appetizing,528,4
feeling,529,4
overnight,530,4
chassagne,531,4
dessert,532,4
expected,533,4
apparent,534,4
bodied,535,4
toned,536,4
producers,537,4
highest,538,4
phase,539,4
flavoursome,540,4
feelings,541,4
hand,542,4
mouthwatering,543,4
fizzy,544,4
hinting,545,4
barrel,546,4
name,547,4
certainly,548,4
mouthful,549,4
level,550,4
pay,551,4
currently,552,4
either,553,4
kerosene,554,4
exciting,555,4
go,556,4
standard,557,4
chablis,558,4
memory,559,4
samples,560,4
attention,561,4
tannin,562,4
emerges,563,4
core,564,4
word,565,4
impression,566,4
reds,567,4
hollow,568,4
cherries,569,4
leather,570,4
many,571,4
flashy,572,4
irony,573,4
tire,574,4
excessive,575,4
becomes,576,4
smooth,577,4
mainstream,578,4
flight,579,4
stirred,580,4
none,581,4
tangy,582,4
earlier,583,4
dinner,584,4
almonds,585,4
middle,586,4
obvious,587,4
unlike,588,4
tightly,589,4
scented,590,4
gets,591,4
larger,592,4
mix,593,4
approachable,594,4
entirely,595,4
cuvee,596,4
thinking,597,4
rush,598,4
single,599,4
leesy,600,4
lively,601,4
every,602,4
already,603,4
meunier,604,4
form,605,4
fully,606,4
density,607,4
undrinkable,608,4
goes,609,4
rim,610,4
farmyard,611,4
things,612,4
stage,613,4
cigar,614,4
poised,615,4
delight,616,4
love,617,4
brought,618,4
follows,619,4
puligny,620,4
type,621,4
glorious,622,4
course,623,4
night,624,4
especially,625,4
yeast,626,4
prosecco,627,4
satisfying,628,4
individual,629,4
rhone,630,4
lees,631,4
nv,632,4
rubbery,633,4
chateauneuf,634,4
higher,635,4
influence,636,4
fair,637,4
emilion,638,4
fruitcake,639,4
overwrought,640,4
awkward,641,4
petrolly,642,4
magnum,643,4
softly,644,4
cranberry,645,4
marmalade,646,4
dominated,647,4
straw,648,4
usual,649,4
developing,650,4
present,651,4
terribly,652,4
twist,653,4
frothy,654,3
excited,655,3
spirity,656,3
occasionally,657,3
emerge,658,3
fragrance,659,3
feels,660,3
absolutely,661,3
blind,662,3
evenings,663,3
people,664,3
peach,665,3
noticable,666,3
honeysuckle,667,3
upstaged,668,3
tasting,669,3
spritzy,670,3
coloured,671,3
freshness,672,3
large,673,3
lesser,674,3
according,675,3
oddbins,676,3
steely,677,3
suggestive,678,3
extravagantly,679,3
decanting,680,3
problem,681,3
quickly,682,3
certain,683,3
judgement,684,3
statement,685,3
develop,686,3
wound,687,3
curiously,688,3
hotel,689,3
reductive,690,3
months,691,3
flavoury,692,3
fresher,693,3
evolution,694,3
raisiny,695,3
quiet,696,3
positive,697,3
ought,698,3
usually,699,3
maturing,700,3
flowers,701,3
vines,702,3
ethereal,703,3
consume,704,3
become,705,3
around,706,3
keroseney,707,3
cote,708,3
takes,709,3
whites,710,3
box,711,3
oxidative,712,3
mint,713,3
wonderful,714,3
worry,715,3
wears,716,3
nectarine,717,3
fwd,718,3
spices,719,3
precise,720,3
etc,721,3
tiring,722,3
caramel,723,3
easier,724,3
dryness,725,3
animal,726,3
generous,727,3
yes,728,3
standards,729,3
trying,730,3
second,731,3
astringent,732,3
lunch,733,3
delightful,734,3
decadent,735,3
depths,736,3
expense,737,3
marzipan,738,3
anywhere,739,3
poured,740,3
international,741,3
chianti,742,3
la,743,3
rusticity,744,3
credit,745,3
refreshing,746,3
tea,747,3
cooked,748,3
reveals,749,3
seriously,750,3
somehow,751,3
winery,752,3
finesse,753,3
heavily,754,3
residual,755,3
sit,756,3
unforced,757,3
found,758,3
common,759,3
grapey,760,3
cabernet,761,3
help,762,3
tempranillo,763,3
deeply,764,3
subdued,765,3
stands,766,3
problems,767,3
hour,768,3
french,769,3
digestible,770,3
provence,771,3
cream,772,3
inky,773,3
tastes,774,3
pruney,775,3
clarety,776,3
intersting,777,3
broader,778,3
fear,779,3
nebbiolo,780,3
glasses,781,3
pichon,782,3
otherwise,783,3
sent,784,3
tone,785,3
reliable,786,3
perfect,787,3
loads,788,3
pink,789,3
bubbles,790,3
reveal,791,3
world,792,3
broad,793,3
mind,794,3
left,795,3
unpleasant,796,3
leathery,797,3
italian,798,3
develops,799,3
sauvage,800,3
sophisticated,801,3
horrible,802,3
partly,803,3
flab,804,3
decide,805,3
latter,806,3
relatively,807,3
car,808,3
bought,809,3
rotie,810,3
tend,811,3
surprisingly,812,3
lemon,813,3
gone,814,3
touches,815,3
overall,816,3
limey,817,3
iron,818,3
drank,819,3
rough,820,3
smoke,821,3
flawed,822,3
pepper,823,3
rioja,824,3
idea,825,3
minerals,826,3
basis,827,3
fruitier,828,3
five,829,3
banana,830,3
gives,831,3
except,832,3
late,833,3
shows,834,3
beaujolais,835,3
pleasing,836,3
bottled,837,3
oaked,838,3
coffee,839,3
grippy,840,3
fills,841,3
premature,842,3
hazelnuts,843,3
undemanding,844,3
house,845,3
complete,846,3
getting,847,3
everything,848,3
days,849,3
oaky,850,3
vibrancy,851,3
ripeness,852,3
bordeaux,853,3
robust,854,3
potential,855,3
look,856,3
maderised,857,3
timeless,858,3
mean,859,3
gingery,860,3
overly,861,3
gravner,862,3
winemaking,863,3
surprised,864,3
whiff,865,3
fineness,866,3
integrated,867,3
close,868,3
older,869,3
company,870,2
berry,871,2
steel,872,2
noirs,873,2
strength,874,2
mosel,875,2
almondy,876,2
decided,877,2
australian,878,2
unbalanced,879,2
noticably,880,2
notably,881,2
warms,882,2
peel,883,2
ways,884,2
obviously,885,2
polished,886,2
grapefruity,887,2
distinction,888,2
berries,889,2
buzz,890,2
unless,891,2
marmaladey,892,2
put,893,2
almond,894,2
friends,895,2
talbot,896,2
oloroso,897,2
solera,898,2
cloudy,899,2
general,900,2
attenuated,901,2
reason,902,2
reputation,903,2
tough,904,2
gentaz,905,2
zingy,906,2
shiraz,907,2
qualities,908,2
prefer,909,2
appeal,910,2
sauvignon,911,2
respectable,912,2
yummy,913,2
abruptly,914,2
took,915,2
came,916,2
darker,917,2
personally,918,2
bollinger,919,2
oozes,920,2
jadot,921,2
hazelnut,922,2
spicey,923,2
bringing,924,2
northern,925,2
spice,926,2
kindly,927,2
stuffing,928,2
danger,929,2
cheese,930,2
italianate,931,2
alas,932,2
confected,933,2
violets,934,2
botrytised,935,2
showy,936,2
market,937,2
hoped,938,2
eminently,939,2
desert,940,2
deeper,941,2
merit,942,2
simply,943,2
kept,944,2
evolve,945,2
excess,946,2
intellectual,947,2
underbrush,948,2
lost,949,2
halves,950,2
delineated,951,2
scoff,952,2
approaching,953,2
noticed,954,2
sip,955,2
tart,956,2
restaurant,957,2
remains,958,2
specially,959,2
everyones,960,2
maderisation,961,2
demanding,962,2
ravishing,963,2
alive,964,2
beautiful,965,2
nothing,966,2
marked,967,2
barriques,968,2
sometime,969,2
brioche,970,2
corkiness,971,2
elegantly,972,2
breeding,973,2
drinkability,974,2
variable,975,2
beaucastel,976,2
jammy,977,2
slips,978,2
work,979,2
gluey,980,2
price,981,2
luxurious,982,2
carries,983,2
rest,984,2
falls,985,2
rancio,986,2
sound,987,2
breathing,988,2
reasonably,989,2
comparison,990,2
nuttyness,991,2
tried,992,2
toby,993,2
funky,994,2
vanillan,995,2
swiss,996,2
battonage,997,2
london,998,2
meursault,999,2
giving,1000,2
final,1001,2
empty,1002,2
doubtless,1003,2
noir,1004,2
reserve,1005,2
syndrome,1006,2
southern,1007,2
brambly,1008,2
bready,1009,2
growers,1010,2
lanolin,1011,2
within,1012,2
wildly,1013,2
order,1014,2
remarked,1015,2
biscuity,1016,2
stops,1017,2
dodgy,1018,2
extravagently,1019,2
fatness,1020,2
plum,1021,2
nz,1022,2
flamboyant,1023,2
use,1024,2
analysis,1025,2
tang,1026,2
whatever,1027,2
midpalate,1028,2
term,1029,2
quick,1030,2
becoming,1031,2
marred,1032,2
brilliant,1033,2
nevertheless,1034,2
taut,1035,2
underlay,1036,2
styled,1037,2
domaine,1038,2
ridge,1039,2
apart,1040,2
evolving,1041,2
away,1042,2
reservations,1043,2
liquid,1044,2
resolve,1045,2
else,1046,2
ginger,1047,2
repay,1048,2
overstated,1049,2
beside,1050,2
coconut,1051,2
sulphury,1052,2
capsule,1053,2
metallic,1054,2
hit,1055,2
joy,1056,2
beetrooty,1057,2
clarity,1058,2
guy,1059,2
wax,1060,2
fraiche,1061,2
exceptional,1062,2
rhones,1063,2
trepidation,1064,2
precision,1065,2
gracefully,1066,2
everywhere,1067,2
expects,1068,2
sunday,1069,2
estate,1070,2
bigger,1071,2
lean,1072,2
caillerets,1073,2
considering,1074,2
sickly,1075,2
corks,1076,2
raw,1077,2
sulphur,1078,2
main,1079,2
notable,1080,2
four,1081,2
source,1082,2
cheeses,1083,2
direction,1084,2
decanter,1085,2
guigal,1086,2
presence,1087,2
interested,1088,2
following,1089,2
lime,1090,2
tighter,1091,2
cab,1092,2
truly,1093,2
dusty,1094,2
various,1095,2
got,1096,2
appealing,1097,2
hardness,1098,2
mushroom,1099,2
corky,1100,2
floury,1101,2
totally,1102,2
ordinary,1103,2
harder,1104,2
arrived,1105,2
immediate,1106,2
monster,1107,2
summer,1108,2
signs,1109,2
somewhat,1110,2
persuaded,1111,2
view,1112,2
synthetic,1113,2
afraid,1114,2
bay,1115,2
classically,1116,2
decade,1117,2
enigmatic,1118,2
madeira,1119,2
backbone,1120,2
iodine,1121,2
living,1122,2
tells,1123,2
faulty,1124,2
lamaione,1125,2
tokay,1126,2
super,1127,2
tired,1128,2
typically,1129,2
comparsion,1130,2
finding,1131,2
awful,1132,2
underneath,1133,2
aiming,1134,2
berryish,1135,2
body,1136,2
feminine,1137,2
tautness,1138,2
grenachey,1139,2
excessively,1140,2
fault,1141,2
farmyardy,1142,2
liked,1143,2
oddity,1144,2
finest,1145,2
lafarge,1146,2
veg,1147,2
ozzy,1148,2
butterscotch,1149,2
unforthcoming,1150,2
cellars,1151,2
promising,1152,2
somebody,1153,2
hole,1154,2
article,1155,2
flatness,1156,2
hardly,1157,2
mothbally,1158,2
cold,1159,2
authentic,1160,2
picquant,1161,2
stock,1162,2
butter,1163,2
pinots,1164,2
whilst,1165,2
enjoyed,1166,2
aged,1167,2
altogether,1168,2
pauillac,1169,2
ljm,1170,2
balancing,1171,2
trick,1172,2
definition,1173,2
greengage,1174,2
ahead,1175,2
nondescript,1176,2
reminder,1177,2
medicinal,1178,2
inside,1179,2
doubt,1180,2
kind,1181,2
charm,1182,2
breed,1183,2
powerful,1184,2
self,1185,2
shade,1186,2
conversation,1187,2
traditional,1188,2
youth,1189,2
advanced,1190,2
macon,1191,2
liquor,1192,2
raveneau,1193,2
insubstantial,1194,2
intriguing,1195,2
surprise,1196,2
auction,1197,2
ideal,1198,2
leaves,1199,2
enigma,1200,2
sandrone,1201,2
corruption,1202,2
fino,1203,2
dosage,1204,2
small,1205,2
disappointed,1206,2
nonetheless,1207,2
keeper,1208,2
sea,1209,2
flattering,1210,2
thick,1211,2
dilutish,1212,2
fantastically,1213,2
potentially,1214,2
colourless,1215,2
future,1216,2
aromas,1217,2
individuality,1218,2
grapefruit,1219,2
ambitious,1220,2
stewed,1221,2
fleshy,1222,2
allowed,1223,2
influenced,1224,2
charred,1225,2
finishes,1226,2
rose,1227,2
nature,1228,2
package,1229,2
wild,1230,2
poise,1231,2
said,1232,2
creme,1233,2
chalky,1234,2
admire,1235,2
secondary,1236,2
eight,1237,2
selection,1238,2
prestige,1239,2
today,1240,2
thatplague,1241,1
chatting,1242,1
conventional,1243,1
contrived,1244,1
silkyily,1245,1
mesnil,1246,1
wrought,1247,1
compartments,1248,1
begin,1249,1
established,1250,1
overt,1251,1
toast,1252,1
pushing,1253,1
metaphorically,1254,1
moscato,1255,1
supple,1256,1
attend,1257,1
sells,1258,1
ask,1259,1
relaxed,1260,1
weakening,1261,1
greatest,1262,1
extravagent,1263,1
assessable,1264,1
austrere,1265,1
unfinished,1266,1
frizzante,1267,1
achieve,1268,1
family,1269,1
particular,1270,1
welcome,1271,1
streak,1272,1
rieslingy,1273,1
dangerously,1274,1
plagues,1275,1
ogier,1276,1
ablout,1277,1
enjoy,1278,1
suggestions,1279,1
value,1280,1
miles,1281,1
chassane,1282,1
vineyards,1283,1
cubillo,1284,1
chicken,1285,1
ages,1286,1
followed,1287,1
yquem,1288,1
sepcially,1289,1
montrose,1290,1
definitely,1291,1
unpalatable,1292,1
blow,1293,1
attempt,1294,1
meursuault,1295,1
consortium,1296,1
charcterful,1297,1
provencal,1298,1
cambridge,1299,1
combining,1300,1
methode,1301,1
mixture,1302,1
monastry,1303,1
morning,1304,1
described,1305,1
noted,1306,1
haut,1307,1
deepening,1308,1
crianza,1309,1
v,1310,1
overdone,1311,1
varieties,1312,1
thrash,1313,1
relativel,1314,1
daughter,1315,1
english,1316,1
unremarkable,1317,1
perignon,1318,1
crunchy,1319,1
failed,1320,1
â,1321,1
blackberries,1322,1
delciously,1323,1
glycerol,1324,1
travel,1325,1
waste,1326,1
forthcoming,1327,1
zing,1328,1
softy,1329,1
became,1330,1
inbetween,1331,1
fragile,1332,1
crack,1333,1
muscaty,1334,1
loses,1335,1
surfing,1336,1
cough,1337,1
road,1338,1
scribbled,1339,1
stunk,1340,1
prematurely,1341,1
sangiovese,1342,1
rely,1343,1
ruit,1344,1
debate,1345,1
premier,1346,1
e,1347,1
ja,1348,1
deliciously,1349,1
sensitive,1350,1
ambivalent,1351,1
former,1352,1
pfalzy,1353,1
vallana,1354,1
stroganoff,1355,1
tropically,1356,1
suitable,1357,1
oomph,1358,1
purpose,1359,1
allowing,1360,1
imagine,1361,1
system,1362,1
sample,1363,1
gc,1364,1
cleans,1365,1
crystaline,1366,1
htis,1367,1
extreme,1368,1
appearing,1369,1
contribute,1370,1
manage,1371,1
toasted,1372,1
rave,1373,1
result,1374,1
aromatic,1375,1
tangerine,1376,1
apparently,1377,1
aspect,1378,1
waitrose,1379,1
nine,1380,1
underfoot,1381,1
persistence,1382,1
chapel,1383,1
winemakers,1384,1
granular,1385,1
suggesting,1386,1
shouting,1387,1
positively,1388,1
carry,1389,1
oxidized,1390,1
outgoing,1391,1
part,1392,1
oxidatively,1393,1
cheap,1394,1
advance,1395,1
us,1396,1
infants,1397,1
tokaji,1398,1
life,1399,1
perrieres,1400,1
chestnut,1401,1
standing,1402,1
vincafe,1403,1
event,1404,1
rthe,1405,1
apparantly,1406,1
eiswein,1407,1
intensely,1408,1
ancient,1409,1
beans,1410,1
rhyming,1411,1
breath,1412,1
pack,1413,1
spirit,1414,1
taking,1415,1
gather,1416,1
necessarily,1417,1
straight,1418,1
hold,1419,1
coarsened,1420,1
winemaker,1421,1
serving,1422,1
meatiness,1423,1
african,1424,1
skin,1425,1
nightmare,1426,1
evidence,1427,1
colombier,1428,1
carefully,1429,1
ozzie,1430,1
dl,1431,1
straightforward,1432,1
cortese,1433,1
focused,1434,1
merits,1435,1
embarrassing,1436,1
contact,1437,1
bisol,1438,1
treat,1439,1
tongue,1440,1
et,1441,1
relegated,1442,1
younger,1443,1
redcurrant,1444,1
thoroughly,1445,1
proudly,1446,1
tremendous,1447,1
champaux,1448,1
bacon,1449,1
spring,1450,1
average,1451,1
undertones,1452,1
city,1453,1
thawed,1454,1
framework,1455,1
outside,1456,1
notr,1457,1
happened,1458,1
begining,1459,1
pushed,1460,1
competition,1461,1
hollower,1462,1
vaish,1463,1
gently,1464,1
combionation,1465,1
joyfully,1466,1
chaumes,1467,1
plumns,1468,1
watch,1469,1
dimension,1470,1
estery,1471,1
roundedness,1472,1
verging,1473,1
cedaryness,1474,1
amontillado,1475,1
attribute,1476,1
vertical,1477,1
yrs,1478,1
racks,1479,1
concerned,1480,1
resinous,1481,1
nibbles,1482,1
shrivelled,1483,1
backward,1484,1
nosing,1485,1
sees,1486,1
relationship,1487,1
plague,1488,1
wachau,1489,1
unknit,1490,1
dreaded,1491,1
doubts,1492,1
pudding,1493,1
kernel,1494,1
edges,1495,1
cover,1496,1
severe,1497,1
yuk,1498,1
corner,1499,1
dramatic,1500,1
packed,1501,1
ten,1502,1
undrinkability,1503,1
coordinated,1504,1
fruitcakey,1505,1
seepage,1506,1
elegany,1507,1
vulgar,1508,1
matches,1509,1
comlexity,1510,1
web,1511,1
champagnes,1512,1
head,1513,1
guts,1514,1
piercing,1515,1
tiny,1516,1
broadbent,1517,1
lose,1518,1
sour,1519,1
avoid,1520,1
stoppered,1521,1
smith,1522,1
reports,1523,1
supplied,1524,1
accompanying,1525,1
effortlessly,1526,1
overawed,1527,1
launois,1528,1
grotesque,1529,1
maceration,1530,1
centotre,1531,1
period,1532,1
typicity,1533,1
sternness,1534,1
thinner,1535,1
behind,1536,1
surprising,1537,1
coarser,1538,1
along,1539,1
changes,1540,1
outstanding,1541,1
paving,1542,1
bring,1543,1
botrytisy,1544,1
dies,1545,1
cautious,1546,1
idiosynchratic,1547,1
pleasnat,1548,1
excitment,1549,1
possess,1550,1
impressed,1551,1
diffuse,1552,1
shifted,1553,1
bananas,1554,1
reminds,1555,1
oxford,1556,1
regret,1557,1
grippier,1558,1
status,1559,1
stained,1560,1
taint,1561,1
mt,1562,1
purchased,1563,1
stop,1564,1
tondonia,1565,1
gutless,1566,1
plenty,1567,1
asian,1568,1
win,1569,1
forgiving,1570,1
dissipated,1571,1
cleanly,1572,1
chilli,1573,1
frangrant,1574,1
hopelessly,1575,1
prawns,1576,1
cataloguing,1577,1
list,1578,1
sourness,1579,1
ribolla,1580,1
ideally,1581,1
quaffable,1582,1
spoils,1583,1
moins,1584,1
fail,1585,1
pleasantish,1586,1
puts,1587,1
depart,1588,1
front,1589,1
sets,1590,1
struggle,1591,1
sicky,1592,1
quieter,1593,1
awkwardness,1594,1
provided,1595,1
fourrier,1596,1
tempered,1597,1
factors,1598,1
benefited,1599,1
lasting,1600,1
ungainly,1601,1
worldy,1602,1
plausible,1603,1
take,1604,1
probalbly,1605,1
claim,1606,1
indication,1607,1
amarone,1608,1
onion,1609,1
success,1610,1
richly,1611,1
poxy,1612,1
rougher,1613,1
excite,1614,1
gargenega,1615,1
edged,1616,1
shortness,1617,1
unstable,1618,1
slabs,1619,1
hay,1620,1
unsatifyingly,1621,1
cross,1622,1
losing,1623,1
iselegan,1624,1
needed,1625,1
alongside,1626,1
universally,1627,1
breaking,1628,1
element,1629,1
downhill,1630,1
liquoricey,1631,1
board,1632,1
fut,1633,1
situations,1634,1
sweety,1635,1
terms,1636,1
pineappley,1637,1
pouilly,1638,1
caramely,1639,1
sterility,1640,1
hopefully,1641,1
asset,1642,1
awkwardly,1643,1
combination,1644,1
expectations,1645,1
enjoyably,1646,1
aux,1647,1
grated,1648,1
argentina,1649,1
leaner,1650,1
blin,1651,1
pol,1652,1
tinge,1653,1
rollers,1654,1
profusion,1655,1
canbe,1656,1
expression,1657,1
expands,1658,1
notice,1659,1
benefits,1660,1
unfair,1661,1
scraping,1662,1
mostly,1663,1
varietoes,1664,1
complaints,1665,1
lovable,1666,1
let,1667,1
suffered,1668,1
tjis,1669,1
cranberries,1670,1
elusive,1671,1
hedonistic,1672,1
correctly,1673,1
gewurz,1674,1
attributed,1675,1
portugese,1676,1
transition,1677,1
rieslong,1678,1
peppery,1679,1
mushroomyness,1680,1
table,1681,1
fragrantly,1682,1
le,1683,1
overpriced,1684,1
foetid,1685,1
fruitiness,1686,1
examples,1687,1
colheitas,1688,1
cassisy,1689,1
oldish,1690,1
sell,1691,1
amber,1692,1
trocken,1693,1
byo,1694,1
yeastiness,1695,1
dp,1696,1
nowehere,1697,1
rasping,1698,1
roda,1699,1
gutsiness,1700,1
saying,1701,1
reviews,1702,1
power,1703,1
rully,1704,1
approximate,1705,1
sucessful,1706,1
stages,1707,1
briochey,1708,1
shipping,1709,1
component,1710,1
understand,1711,1
slope,1712,1
someone,1713,1
judged,1714,1
confirmed,1715,1
cartizze,1716,1
swan,1717,1
sacrificing,1718,1
dissolved,1719,1
swirl,1720,1
written,1721,1
suggestion,1722,1
alot,1723,1
belnd,1724,1
somewhere,1725,1
grass,1726,1
sips,1727,1
blackcurranty,1728,1
seeping,1729,1
social,1730,1
profound,1731,1
zoo,1732,1
tuned,1733,1
scentedness,1734,1
juiciness,1735,1
champenoise,1736,1
grivot,1737,1
regarded,1738,1
passito,1739,1
baseline,1740,1
game,1741,1
sedimenty,1742,1
underpinning,1743,1
included,1744,1
conterno,1745,1
abandoned,1746,1
idiosyncratic,1747,1
north,1748,1
delivers,1749,1
balnced,1750,1
mellowed,1751,1
ongoogle,1752,1
set,1753,1
scored,1754,1
appears,1755,1
lurked,1756,1
sniff,1757,1
mood,1758,1
rushing,1759,1
sampling,1760,1
accompaniment,1761,1
insight,1762,1
reflecting,1763,1
fill,1764,1
fish,1765,1
versus,1766,1
riserva,1767,1
combined,1768,1
grigio,1769,1
challenging,1770,1
seven,1771,1
hill,1772,1
domain,1773,1
initial,1774,1
contemplatively,1775,1
porty,1776,1
quaffing,1777,1
unfortunately,1778,1
reduced,1779,1
crystalline,1780,1
strange,1781,1
moderately,1782,1
noticeable,1783,1
range,1784,1
bash,1785,1
decadence,1786,1
decently,1787,1
h,1788,1
happily,1789,1
contributor,1790,1
variation,1791,1
pomerol,1792,1
austrian,1793,1
brion,1794,1
fun,1795,1
cashews,1796,1
decant,1797,1
weedy,1798,1
bargain,1799,1
manifestation,1800,1
struck,1801,1
walnut,1802,1
miss,1803,1
combe,1804,1
original,1805,1
area,1806,1
breezes,1807,1
similarly,1808,1
fetid,1809,1
ceparello,1810,1
characteristically,1811,1
unappetising,1812,1
barrels,1813,1
pears,1814,1
youngish,1815,1
grips,1816,1
smokier,1817,1
harshness,1818,1
weediness,1819,1
seeming,1820,1
candied,1821,1
bottom,1822,1
studied,1823,1
dom,1824,1
autolysis,1825,1
elagent,1826,1
superficial,1827,1
disappointments,1828,1
undescribable,1829,1
filling,1830,1
expanded,1831,1
hence,1832,1
blueberry,1833,1
sorting,1834,1
holds,1835,1
colheita,1836,1
add,1837,1
unpleasantly,1838,1
filhot,1839,1
outrageously,1840,1
strangely,1841,1
mushroomy,1842,1
sad,1843,1
dolcetto,1844,1
labelling,1845,1
rapidly,1846,1
dominate,1847,1
cofee,1848,1
quarter,1849,1
varied,1850,1
dramatically,1851,1
bass,1852,1
arresting,1853,1
fan,1854,1
splendidly,1855,1
lines,1856,1
shown,1857,1
oxidativeness,1858,1
synthesis,1859,1
merlot,1860,1
face,1861,1
fortunately,1862,1
excitement,1863,1
currants,1864,1
suffering,1865,1
sherried,1866,1
suspicion,1867,1
harking,1868,1
pick,1869,1
vinegar,1870,1
subjected,1871,1
jasmin,1872,1
meatier,1873,1
worries,1874,1
vigne,1875,1
instance,1876,1
supposedly,1877,1
tainted,1878,1
unfashionable,1879,1
method,1880,1
gruaud,1881,1
frightening,1882,1
resolves,1883,1
bovril,1884,1
alsace,1885,1
constructed,1886,1
raspingly,1887,1
business,1888,1
group,1889,1
illusion,1890,1
liquour,1891,1
lunchtime,1892,1
grudging,1893,1
development,1894,1
appearance,1895,1
taken,1896,1
generating,1897,1
patches,1898,1
bbq,1899,1
drama,1900,1
mahogany,1901,1
produced,1902,1
fundamentally,1903,1
starts,1904,1
uninspiring,1905,1
rawness,1906,1
bordering,1907,1
tha,1908,1
disease,1909,1
melange,1910,1
disappeared,1911,1
redolent,1912,1
perret,1913,1
june,1914,1
christmas,1915,1
purely,1916,1
substandard,1917,1
manzanilla,1918,1
free,1919,1
sugary,1920,1
cedar,1921,1
offers,1922,1
accounts,1923,1
garnacha,1924,1
apricoty,1925,1
muscatel,1926,1
stretch,1927,1
assistants,1928,1
dolce,1929,1
resited,1930,1
ease,1931,1
licking,1932,1
carb,1933,1
fuees,1934,1
run,1935,1
apricots,1936,1
tenner,1937,1
waxy,1938,1
timescale,1939,1
shout,1940,1
indifferent,1941,1
eyeing,1942,1
tastebuds,1943,1
piney,1944,1
rheingau,1945,1
host,1946,1
bdn,1947,1
suggestin,1948,1
lihtly,1949,1
lead,1950,1
softness,1951,1
barolos,1952,1
fore,1953,1
maintaining,1954,1
risky,1955,1
declined,1956,1
money,1957,1
sweetnes,1958,1
curiosity,1959,1
appelation,1960,1
las,1961,1
opposed,1962,1
cigary,1963,1
merging,1964,1
stylistic,1965,1
consider,1966,1
coliseo,1967,1
blush,1968,1
barsac,1969,1
decline,1970,1
aperitif,1971,1
working,1972,1
preferably,1973,1
genuine,1974,1
mine,1975,1
riveting,1976,1
went,1977,1
overlay,1978,1
larose,1979,1
greater,1980,1
throat,1981,1
glimpse,1982,1
variety,1983,1
flabbier,1984,1
concentrating,1985,1
majorca,1986,1
spent,1987,1
informative,1988,1
cake,1989,1
served,1990,1
brunello,1991,1
remote,1992,1
blonde,1993,1
venoge,1994,1
beychevelle,1995,1
sensory,1996,1
buttery,1997,1
overlying,1998,1
cod,1999,1
laid,2000,1
varying,2001,1
finer,2002,1
weightiness,2003,1
oscillated,2004,1
occasional,2005,1
shot,2006,1
cos,2007,1
confusion,2008,1
kabinet,2009,1
sharply,2010,1
replacement,2011,1
caught,2012,1
overlooking,2013,1
till,2014,1
spot,2015,1
naughtily,2016,1
voluptuous,2017,1
glad,2018,1
rieussec,2019,1
remembered,2020,1
rasins,2021,1
reasobale,2022,1
explodes,2023,1
impressionistic,2024,1
vt,2025,1
sunny,2026,1
contained,2027,1
sic,2028,1
mistage,2029,1
holiday,2030,1
convinced,2031,1
worked,2032,1
musar,2033,1
controversy,2034,1
putting,2035,1
mmore,2036,1
coarseness,2037,1
minutes,2038,1
deftness,2039,1
barrique,2040,1
amount,2041,1
flavoured,2042,1
purchase,2043,1
disgorgement,2044,1
hemisphere,2045,1
animality,2046,1
spatlese,2047,1
benchmark,2048,1
sediment,2049,1
jobard,2050,1
gpl,2051,1
literally,2052,1
intrusive,2053,1
crisp,2054,1
spinach,2055,1
dribbling,2056,1
convince,2057,1
minus,2058,1
approaches,2059,1
reward,2060,1
stable,2061,1
chewy,2062,1
trademark,2063,1
conservative,2064,1
textbook,2065,1
packing,2066,1
charmingly,2067,1
bold,2068,1
paolo,2069,1
criticise,2070,1
brighter,2071,1
overwhelmed,2072,1
wrote,2073,1
technically,2074,1
acidic,2075,1
eldeflower,2076,1
turn,2077,1
pencil,2078,1
ul,2079,1
classification,2080,1
sundays,2081,1
month,2082,1
ravishingly,2083,1
meursaults,2084,1
caramelly,2085,1
temperature,2086,1
penfolds,2087,1
halkin,2088,1
gamay,2089,1
finely,2090,1
remeniscent,2091,1
italy,2092,1
related,2093,1
ringer,2094,1
massa,2095,1
friend,2096,1
sage,2097,1
oh,2098,1
mouse,2099,1
waiting,2100,1
rayas,2101,1
barbera,2102,1
corn,2103,1
overblown,2104,1
vegetarians,2105,1
talento,2106,1
toasty,2107,1
flashiness,2108,1
swimming,2109,1
succulence,2110,1
chassagnes,2111,1
maume,2112,1
vegans,2113,1
warmed,2114,1
jacques,2115,1
chene,2116,1
nosign,2117,1
vegetality,2118,1
exhhuasted,2119,1
deal,2120,1
turkish,2121,1
crystals,2122,1
masculine,2123,1
feeding,2124,1
settle,2125,1
amazingly,2126,1
uninteresting,2127,1
trouble,2128,1
gravelly,2129,1
sink,2130,1
effect,2131,1
californian,2132,1
favourite,2133,1
improvement,2134,1
bon,2135,1
minor,2136,1
foreboding,2137,1
forgotten,2138,1
oven,2139,1
interestingly,2140,1
emerged,2141,1
gosset,2142,1
blancs,2143,1
oozed,2144,1
spicyness,2145,1
oxiidative,2146,1
helpfully,2147,1
wants,2148,1
weaker,2149,1
eccentric,2150,1
defect,2151,1
exception,2152,1
pronounced,2153,1
crackers,2154,1
blushes,2155,1
trophy,2156,1
shortish,2157,1
chapelle,2158,1
means,2159,1
presumably,2160,1
crantock,2161,1
paper,2162,1
characteristic,2163,1
damp,2164,1
likes,2165,1
prickle,2166,1
passionate,2167,1
semillon,2168,1
reductiveness,2169,1
progress,2170,1
quintaine,2171,1
shaped,2172,1
noise,2173,1
billecart,2174,1
heaviness,2175,1
pineapple,2176,1
step,2177,1
mac,2178,1
becaus,2179,1
oxidising,2180,1
musty,2181,1
unripe,2182,1
ratings,2183,1
anonymous,2184,1
backwards,2185,1
interpretation,2186,1
julien,2187,1
perrin,2188,1
untravelled,2189,1
preparation,2190,1
cakey,2191,1
sherbert,2192,1
agreeable,2193,1
meant,2194,1
tendency,2195,1
finished,2196,1
wondered,2197,1
tears,2198,1
jam,2199,1
handled,2200,1
cleared,2201,1
glimpses,2202,1
medical,2203,1
dissipates,2204,1
auxey,2205,1
commercial,2206,1
champenois,2207,1
calling,2208,1
tropical,2209,1
held,2210,1
scrutiny,2211,1
admiring,2212,1
feeble,2213,1
doughy,2214,1
theme,2215,1
damage,2216,1
felt,2217,1
jumps,2218,1
superb,2219,1
helping,2220,1
tanins,2221,1
distinguished,2222,1
fragranced,2223,1
mouvedre,2224,1
inner,2225,1
pud,2226,1
involved,2227,1
thus,2228,1
biscuits,2229,1
ca,2230,1
msr,2231,1
cinnamon,2232,1
everybody,2233,1
tunina,2234,1
knowing,2235,1
leaving,2236,1
camphor,2237,1
turned,2238,1
garden,2239,1
birthday,2240,1
intellectually,2241,1
bizarre,2242,1
pricey,2243,1
obscuring,2244,1
pools,2245,1
romanee,2246,1
luxury,2247,1
chileans,2248,1
spanish,2249,1
soften,2250,1
isole,2251,1
spain,2252,1
tarted,2253,1
featureless,2254,1
slavours,2255,1
substantially,2256,1
planky,2257,1
slang,2258,1
chance,2259,1
mickey,2260,1
dropped,2261,1
leaps,2262,1
sexy,2263,1
persistant,2264,1
loose,2265,1
shapliness,2266,1
brief,2267,1
koonunga,2268,1
negatively,2269,1
bolly,2270,1
suaver,2271,1
rhonish,2272,1
stronger,2273,1
volnay,2274,1
nervy,2275,1
etheriel,2276,1
ry,2277,1
aperetif,2278,1
illuminate,2279,1
upstage,2280,1
blanced,2281,1
route,2282,1
thanks,2283,1
va,2284,1
square,2285,1
labels,2286,1
dishes,2287,1
july,2288,1
draw,2289,1
bunch,2290,1
base,2291,1
guessed,2292,1
unusually,2293,1
kernels,2294,1
taxi,2295,1
feared,2296,1
slate,2297,1
bite,2298,1
twisty,2299,1
qute,2300,1
tempier,2301,1
coincidence,2302,1
planeta,2303,1
promoted,2304,1
writing,2305,1
flowery,2306,1
centre,2307,1
advert,2308,1
experiment,2309,1
passing,2310,1
ga,2311,1
france,2312,1
golden,2313,1
icy,2314,1
oozing,2315,1
chave,2316,1
penetrating,2317,1
freezer,2318,1
fist,2319,1
jaboulet,2320,1
truffle,2321,1
manages,2322,1
filing,2323,1
charcter,2324,1
grahams,2325,1
lazy,2326,1
atlantic,2327,1
drinkabe,2328,1
typing,2329,1
rowdy,2330,1
issan,2331,1
tin,2332,1
rating,2333,1
overarching,2334,1
atypical,2335,1
charcteristic,2336,1
pizzaz,2337,1
dairy,2338,1
parker,2339,1
firmly,2340,1
xmas,2341,1
afterwards,2342,1
ratio,2343,1
project,2344,1
shorter,2345,1
muchover,2346,1
grace,2347,1
study,2348,1
marks,2349,1
finds,2350,1
rash,2351,1
varnishy,2352,1
delayed,2353,1
granny,2354,1
barton,2355,1
tuck,2356,1
meal,2357,1
jsut,2358,1
flattered,2359,1
gambellara,2360,1
gorgeously,2361,1
unoaked,2362,1
sancerre,2363,1
badly,2364,1
sterile,2365,1
judge,2366,1
unfamiliar,2367,1
abandons,2368,1
inferior,2369,1
deutz,2370,1
matters,2371,1
happen,2372,1
startling,2373,1
sold,2374,1
silex,2375,1
decades,2376,1
lychee,2377,1
eveloved,2378,1
acacia,2379,1
viognier,2380,1
langhe,2381,1
lower,2382,1
austerely,2383,1
midweek,2384,1
treacle,2385,1
repays,2386,1
eighties,2387,1
muscat,2388,1
gums,2389,1
century,2390,1
producing,2391,1
maison,2392,1
niepoort,2393,1
attack,2394,1
woodiness,2395,1
ageworthy,2396,1
combine,2397,1
division,2398,1
write,2399,1
passion,2400,1
edinburgh,2401,1
passed,2402,1
vv,2403,1
discovered,2404,1
underwhelming,2405,1
lasts,2406,1
scents,2407,1
billing,2408,1
sucks,2409,1
magnums,2410,1
expensive,2411,1
nodding,2412,1
simpler,2413,1
opinion,2414,1
storage,2415,1
steelyness,2416,1
controlled,2417,1
march,2418,1
barnyard,2419,1
thousand,2420,1
melon,2421,1
zinfandels,2422,1
marchi,2423,1
retained,2424,1
makings,2425,1
blanched,2426,1
characteristics,2427,1
fuit,2428,1
petals,2429,1
peaches,2430,1
searing,2431,1
cheaper,2432,1
running,2433,1
muscular,2434,1
stand,2435,1
fast,2436,1
youngest,2437,1
spectacularly,2438,1
unnoticeable,2439,1
entrance,2440,1
huet,2441,1
parmesan,2442,1
pulignyish,2443,1
zind,2444,1
grander,2445,1
weak,2446,1
major,2447,1
summery,2448,1
funny,2449,1
drining,2450,1
sauternes,2451,1
bacchus,2452,1
job,2453,1
unflawed,2454,1
vecchia,2455,1
exactly,2456,1
famous,2457,1
current,2458,1
nahm,2459,1
hurried,2460,1
moving,2461,1
winey,2462,1
disjoint,2463,1
recommendable,2464,1
heard,2465,1
garganega,2466,1
remotely,2467,1
rivers,2468,1
hibiscus,2469,1
alleviate,2470,1
drag,2471,1
lignier,2472,1
distinct,2473,1
cask,2474,1
joke,2475,1
overgenerous,2476,1
hell,2477,1
advertised,2478,1
aetherial,2479,1
seal,2480,1
moet,2481,1
discussion,2482,1
plums,2483,1
tends,2484,1
marketing,2485,1
firmness,2486,1
sweetly,2487,1
cellaring,2488,1
unassuming,2489,1
thai,2490,1
fluid,2491,1
eve,2492,1
oversweet,2493,1
revelation,2494,1
sa,2495,1
cause,2496,1
krug,2497,1
site,2498,1
brut,2499,1
aspects,2500,1
decanted,2501,1
measure,2502,1
garlic,2503,1
brune,2504,1
disappointment,2505,1
viscous,2506,1
consequently,2507,1
orchard,2508,1
chambolle,2509,1
beneficial,2510,1
rousanne,2511,1
visiting,2512,1
south,2513,1
critical,2514,1
acquaintance,2515,1
oscillate,2516,1
gran,2517,1
beers,2518,1
unfocussed,2519,1
unexciting,2520,1
concebtration,2521,1
reverse,2522,1
hearty,2523,1
trimbach,2524,1
luncheon,2525,1
unozzie,2526,1
clarets,2527,1
nowadays,2528,1
boring,2529,1
effects,2530,1
public,2531,1
duff,2532,1
degree,2533,1
preferred,2534,1
constantly,2535,1
cases,2536,1
creaminess,2537,1
gold,2538,1
buy,2539,1
mentholy,2540,1
browny,2541,1
beat,2542,1
velvety,2543,1
ypon,2544,1
perhpas,2545,1
suspiciously,2546,1
lives,2547,1
chatracter,2548,1
deceptively,2549,1
intistieti,2550,1
toward,2551,1
smokey,2552,1
loved,2553,1
nearly,2554,1
edgyness,2555,1
rotting,2556,1
times,2557,1
avoiding,2558,1
superficially,2559,1
transparent,2560,1
iwc,2561,1
including,2562,1
expressive,2563,1
live,2564,1
